id,first_name,last_name,email,gender
1,Kariotta,Rankling,krankling0@list-manage.com,Non-binary
2,Townie,Clymo,tclymo1@ifeng.com,Male
3,Pepita,Skrines,pskrines2@miibeian.gov.cn,Female
4,Avigdor,Filmer,afilmer3@pen.io,Male
5,Barb,Sedger,bsedger4@acquirethisname.com,Female
6,Caryl,Dimblebee,cdimblebee5@google.com.br,Male
7,Susana,Ungerechts,sungerechts6@engadget.com,Agender
8,Kayne,Abilowitz,kabilowitz7@jimdo.com,Male
9,Delmore,Sparshatt,dsparshatt8@seesaa.net,Agender
10,Emmie,Duthy,eduthy9@phoca.cz,Female
11,Brander,Plewes,bplewesa@japanpost.jp,Male
12,Maia,Duiged,mduigedb@spiegel.de,Female
13,Agnese,Ackermann,aackermannc@cnn.com,Female
14,Mechelle,Baudon,mbaudond@wikimedia.org,Non-binary
15,Tandy,Focke,tfockee@npr.org,Female
16,Lynn,Scholz,lscholzf@rambler.ru,Male
17,Adler,Meriguet,ameriguetg@theglobeandmail.com,Male
18,Kara,Noorwood,knoorwoodh@acquirethisname.com,Female
19,Devin,Hazleton,dhazletoni@mail.ru,Male
20,Joye,Dingsdale,jdingsdalej@youku.com,Female
